{"cameraMode":{"drawMode":0,"name":"Shaded","section":"Shading Mode"},"sceneLighting":true,"audioPlay":false,"sceneViewState":{"showFog":true,"showMaterialUpdate":false,"showSkybox":true,"showFlares":true,"showImageEffects":true,"showParticleSystems":true},"in2DMode":false,"pivot":{"x":0.005980169400572777,"y":0.05633526295423508,"z":-0.007873330265283585},"rotation":{"x":-0.6717969179153442,"y":-0.015112102963030339,"z":0.013707682490348816,"w":-0.7404691576957703},"size":0.1218290776014328,"orthographic":false}